City_ID,City,Lat,Lng,Max Temp,Humidity,Cloudiness,Wind Speed,Country,Date
0,puerto ayora,-0.7393,-90.3518,24.19,87,45,1.79,EC,1692497555
1,adamstown,-25.066,-130.1015,17.24,53,3,9.24,PN,1692497277
2,albany,42.6001,-73.9662,18.23,73,4,3.03,US,1692497270
3,coquimbo,-29.9533,-71.3436,15.85,72,20,3.09,CL,1692496875
4,waitangi,-43.9535,-176.5597,12.12,95,100,4.92,NZ,1692497336
5,grytviken,-54.2811,-36.5092,-5.61,82,10,2.36,GS,1692497556
6,avarua,-21.2078,-159.775,23.03,64,100,3.6,CK,1692497557
7,illizi,26.4833,8.4667,26.89,17,16,4.21,DZ,1692497557
8,mitrofanovka,49.9708,39.6939,20.73,46,0,2.23,RU,1692497557
9,pisco,-13.7,-76.2167,19.03,68,0,2.57,PE,1692497558
10,edinburgh of the seven seas,-37.0676,-12.3116,10.23,67,100,16.05,SH,1692497558
11,yellowknife,62.456,-114.3525,16.9,68,75,6.17,CA,1692497559
12,dunedin,-45.8742,170.5036,12.82,58,99,2.06,NZ,1692497560
13,caconda,-13.7333,15.0667,15.33,20,0,0.77,AO,1692497560
14,edson,53.5835,-116.4356,16.08,51,0,1.03,CA,1692497561
15,longyearbyen,78.2186,15.6401,5.91,81,75,4.12,SJ,1692497561
16,ponta delgada,37.7333,-25.6667,20.4,88,20,1.54,PT,1692497562
17,svetlyy,54.675,20.1347,19.98,77,57,0.92,RU,1692497562
18,puerto natales,-51.7236,-72.4875,0.31,84,99,1.23,CL,1692497563
19,udachny,66.4167,112.4,14.14,50,82,7.44,RU,1692497563
20,college,64.8569,-147.8028,16.22,74,100,4.12,US,1692497564
21,callao,-12.0667,-77.15,21.16,68,40,4.12,PE,1692497445
22,qusmuryn,52.4503,64.6311,18.84,84,66,3.6,KZ,1692497565
23,west island,-12.1568,96.8225,24.99,73,40,6.17,CC,1692497565
24,klyuchi,52.2667,79.1667,21.87,46,9,3.58,RU,1692497566
25,arkhangel'sk,64.5401,40.5433,9.26,79,97,1.68,RU,1692497566
26,pinhao,-25.6956,-51.6597,8.53,92,1,1.42,BR,1692497566
27,lihue,21.9789,-159.3672,30.58,62,40,7.72,US,1692497567
28,mahdishahr,35.7108,53.3556,20.13,47,36,2.08,IR,1692497568
29,vilyuysk,63.7553,121.6247,19.89,46,16,4.68,RU,1692497568
30,saipan,15.1355,145.701,31.39,100,40,4.12,MP,1692497568
31,anadyr,64.75,177.4833,13.28,54,20,5.0,RU,1692497569
32,iskateley,67.6803,53.1512,5.81,93,100,7.33,RU,1692497475
33,port-aux-francais,-49.35,70.2167,1.33,99,100,8.41,TF,1692497569
34,tiksi,71.6872,128.8694,3.84,85,100,4.14,RU,1692497570
35,port augusta,-32.5,137.7667,18.31,57,0,2.19,AU,1692497570
36,blackmans bay,-43.0167,147.3167,15.07,59,77,3.2,AU,1692497570
37,bethel,41.3712,-73.414,20.38,79,0,0.0,US,1692497283
38,jutai,-5.1833,-68.9,24.32,91,96,1.29,BR,1692497571
39,tura,25.5198,90.2201,25.84,92,100,2.43,IN,1692497571
40,wailua homesteads,22.0669,-159.378,30.24,70,40,7.72,US,1692497571
41,almenara,-16.1836,-40.6944,20.16,89,14,1.39,BR,1692497572
42,boise,43.6135,-116.2035,28.29,59,100,2.24,US,1692497511
43,bilibino,68.0546,166.4372,6.11,65,100,2.32,RU,1692497572
44,atafu village,-8.5421,-172.5159,28.71,72,16,7.94,TK,1692497573
45,topeka,39.0483,-95.678,33.39,50,0,4.63,US,1692497390
46,humaita,-7.5061,-63.0208,26.59,53,98,1.12,BR,1692497409
47,margaret river,-33.95,115.0667,15.35,66,100,5.79,AU,1692497573
48,cabo san lucas,22.8909,-109.9124,28.62,88,100,10.29,MX,1692497162
49,kailua-kona,19.6406,-155.9956,25.89,92,29,0.45,US,1692497336
50,mount gambier,-37.8333,140.7667,13.44,82,100,3.42,AU,1692497574
51,egilsstadir,65.2653,-14.3948,8.95,93,100,5.14,IS,1692497574
52,maiyama,12.0841,4.3677,23.86,91,53,2.54,NG,1692497575
53,arraial do cabo,-22.9661,-42.0278,21.37,91,24,4.83,BR,1692497575
54,wenchang,30.904,118.4887,30.75,63,0,1.39,CN,1692497575
55,ushuaia,-54.8,-68.3,3.81,81,40,0.0,AR,1692497575
56,suoyarvi,62.0833,32.35,8.46,88,74,1.96,RU,1692497576
57,papatowai,-46.5619,169.4708,11.0,67,92,4.52,NZ,1692497576
58,anjozorobe,-18.4,47.8667,13.72,75,28,0.49,MG,1692497576
59,toamasina,-18.1667,49.3833,17.0,94,20,2.06,MG,1692497577
60,zalari,53.5584,102.5065,14.88,67,100,3.39,RU,1692497577
61,wellington,-41.2866,174.7756,13.92,89,75,9.26,NZ,1692497378
62,holualoa,19.6228,-155.9522,23.82,92,28,0.45,US,1692497577
63,touros,-5.1989,-35.4608,24.03,87,0,3.76,BR,1692497332
64,fort-shevchenko,44.5086,50.263,26.3,77,9,5.43,KZ,1692497578
65,bamboo flat,11.7,92.7167,29.05,79,40,4.12,IN,1692497578
66,zaozersk,69.4005,32.4476,7.48,85,100,8.18,RU,1692497578
67,geraldton,-28.7667,114.6,14.23,88,1,4.63,AU,1692497493
68,jiamusi,46.8333,130.35,23.91,62,1,2.37,CN,1692497579
69,tazovsky,67.4667,78.7,11.47,64,100,4.51,RU,1692497579
70,umm kaddadah,13.6017,26.6876,29.54,55,100,6.39,SD,1692497579
71,bol,13.4586,14.7147,27.58,76,100,4.19,TD,1692497580
72,aasiaat,68.7098,-52.8699,4.05,98,100,0.8,GL,1692497580
73,nabire,-3.3667,135.4833,26.82,83,90,0.47,ID,1692497580
74,eenhana,-17.4667,16.3333,16.65,23,15,2.64,NA,1692497581
75,dongola,19.1667,30.4833,33.57,17,0,4.49,SD,1692497581
76,tazacorte,28.629,-17.9293,24.54,57,0,4.63,ES,1692497582
77,hamilton,39.1834,-84.5333,24.43,69,0,4.12,US,1692497260
78,choibalsan,48.0667,114.5,18.49,50,100,3.82,MN,1692497583
79,samut songkhram,13.4,99.9583,28.4,73,100,2.91,TH,1692497584
80,stanley,54.868,-1.6985,15.16,88,20,4.12,GB,1692497585
81,skowhegan,44.7651,-69.7192,18.31,92,100,1.97,US,1692497586
82,constantia,44.1833,28.65,21.5,59,7,4.42,RO,1692497587
83,papao,-17.75,-149.55,26.82,70,3,4.35,PF,1692497588
84,iqaluit,63.7506,-68.5145,5.85,93,100,4.12,CA,1692497589
85,keflavik,64.0049,-22.5624,11.24,93,0,5.66,IS,1692497590
86,coari,-4.085,-63.1414,27.58,53,91,0.31,BR,1692497591
87,calbuco,-41.768,-73.1273,9.56,94,100,5.59,CL,1692497591
88,punta arenas,-53.15,-70.9167,2.15,89,98,2.98,CL,1692497592
89,garoowe,8.4054,48.4845,24.03,60,80,10.22,SO,1692497593
90,kiunga,-6.1219,141.2906,27.48,60,92,2.43,PG,1692497593
91,tokar,18.4254,37.729,36.32,35,100,5.87,SD,1692497594
92,vila franca do campo,37.7167,-25.4333,20.23,79,56,1.24,PT,1692497595
93,lebu,-37.6167,-73.65,12.09,98,100,5.26,CL,1692497596
94,harstad,68.799,16.5293,13.78,97,7,4.47,NO,1692497596
95,bela,25.9333,81.9833,29.14,79,92,5.51,IN,1692497597
96,susuman,62.7833,148.1667,6.62,90,100,1.96,RU,1692497597
97,badger,64.8,-147.5333,16.18,70,20,4.12,US,1692497598
98,olonkinbyen,70.9221,-8.7187,6.49,95,100,5.31,SJ,1692497598
99,palmer,42.1584,-72.3287,19.75,76,100,0.0,US,1692497476
100,mangaratiba,-22.9597,-44.0406,20.35,90,95,1.85,BR,1692497485
101,ilulissat,69.2167,-51.1,12.01,76,100,8.75,GL,1692497599
102,scheveningen,52.1046,4.2756,18.96,87,20,2.57,NL,1692497554
103,lompoc,34.6391,-120.4579,24.45,75,0,3.6,US,1692497371
104,hithadhoo,-0.6,73.0833,27.43,78,100,4.67,MV,1692497600
105,turkestan,43.3333,68.25,27.06,19,0,2.17,KZ,1692497600
106,chonchi,-42.6128,-73.8092,8.95,99,100,1.19,CL,1692497600
107,luderitz,-26.6481,15.1594,11.87,82,27,3.98,NA,1692497601
108,antofagasta,-23.65,-70.4,16.6,73,29,0.58,CL,1692497601
109,makary,12.5717,14.4666,26.48,65,99,3.37,CM,1692497602
110,sala,34.0389,-6.8166,25.91,94,97,0.0,MA,1692497602
111,beloyarskiy,63.7119,66.6722,8.93,70,13,2.09,RU,1692497603
112,usinsk,65.9939,57.5281,6.04,96,48,5.94,RU,1692497604
113,hadibu,12.65,54.0333,25.5,81,85,6.44,YE,1692497604
114,suva,-18.1416,178.4415,28.71,65,40,4.63,FJ,1692497605
115,vershino-darasunskiy,52.35,115.5167,14.76,52,76,4.95,RU,1692497605
116,antsiranana,-12.2787,49.2917,22.2,83,4,4.9,MG,1692497606
117,lipova,46.0833,21.7,22.85,79,6,1.5,RO,1692497606
118,obo,5.3998,26.4869,19.3,97,1,1.84,CF,1692497606
119,katabu,-4.9333,122.5167,30.14,46,50,4.29,ID,1692497606
120,eyl,7.9803,49.8164,25.35,70,98,7.55,SO,1692497607
121,pechora,65.1472,57.2244,6.65,96,27,3.18,RU,1692497607
122,hawaiian paradise park,19.5933,-154.9731,28.28,71,40,4.63,US,1692497607
123,sinabang,2.4803,96.3801,26.55,79,100,0.52,ID,1692497608
124,la'ie,21.6477,-157.9253,31.98,64,7,5.13,US,1692497608
125,kodiak,57.79,-152.4072,12.79,82,20,2.2,US,1692497528
126,comandante fontana,-25.3345,-59.6821,15.85,71,0,1.43,AR,1692497609
127,kupino,54.3663,77.2981,17.03,91,52,5.48,RU,1692497609
128,yima,34.7381,111.8839,22.79,90,100,1.5,CN,1692497609
129,ouadda,8.0777,22.4007,19.71,96,71,1.32,CF,1692497609
130,lorengau,-2.0226,147.2712,27.96,79,45,6.34,PG,1692497610
131,radauti,47.85,25.9167,22.26,86,33,1.54,RO,1692497610
132,hermanus,-34.4187,19.2345,7.11,86,3,2.96,ZA,1692497352
133,hobyo,5.3505,48.5268,24.92,83,96,8.44,SO,1692497611
134,viedma,-40.8135,-62.9967,7.98,77,100,7.53,AR,1692497611
135,isafjordur,66.0755,-23.124,8.92,95,100,3.49,IS,1692497612
136,howrah,22.5892,88.3103,30.0,84,40,3.6,IN,1692497612
137,jaciara,-15.9653,-54.9683,23.37,57,10,1.31,BR,1692497577
138,whitehorse,60.7161,-135.0538,19.45,41,20,3.09,CA,1692497612
139,mirnyy,62.5353,113.9611,15.69,72,73,5.81,RU,1692497613
140,port elizabeth,-33.918,25.5701,9.16,100,0,1.03,ZA,1692497613
141,canico,32.6333,-16.85,25.95,81,20,3.6,PT,1692497613
142,thompson,55.7435,-97.8558,13.09,76,75,2.57,CA,1692497614
143,dapa,9.7594,126.0531,29.04,70,25,5.27,PH,1692497614
144,las vegas,36.175,-115.1372,23.38,86,75,2.06,US,1692497460
145,nemuro,43.3236,145.575,20.38,97,94,3.81,JP,1692497614
146,st. john's,47.5649,-52.7093,15.93,96,100,2.68,CA,1692497357
147,ketchikan,55.3422,-131.6461,17.26,63,20,4.63,US,1692497523
148,vernon,50.2581,-119.2691,24.31,30,0,1.54,CA,1692497615
149,manismata,-2.4667,111.0333,30.3,55,11,2.48,ID,1692497616
150,talghar,43.3044,77.2328,19.03,52,0,2.0,KZ,1692497617
151,acarau,-2.8856,-40.12,25.29,83,0,6.89,BR,1692497617
152,paradise point,-27.8863,153.3957,24.37,45,0,1.79,AU,1692497617
153,gobabis,-22.45,18.9667,12.52,15,36,2.64,NA,1692497618
154,portland,45.5234,-122.6762,30.52,31,20,4.63,US,1692497192
155,kalmunai,7.4167,81.8167,27.87,66,25,1.97,LK,1692497371
156,alofi,-19.0595,-169.9187,25.94,83,56,5.14,NU,1692497618
157,kapuskasing,49.4169,-82.4331,21.05,77,75,3.6,CA,1692497619
158,ribeira grande,38.5167,-28.7,21.54,80,75,2.68,PT,1692497619
159,banda aceh,5.5577,95.3222,28.46,73,7,4.41,ID,1692497619
160,gao,16.6362,1.637,33.05,37,0,4.22,ML,1692497620
161,afaahiti,-17.75,-149.2833,25.93,77,17,5.69,PF,1692497620
162,bukama,-9.2,25.85,23.27,37,15,1.15,CD,1692497620
163,mitchell,43.7094,-98.0298,25.99,65,0,6.17,US,1692497469
164,gignac,43.652,3.5509,22.36,48,0,2.11,FR,1692497620
165,san juan bautista,-14.0108,-75.7358,18.16,67,3,0.59,PE,1692497621
166,kone,-21.0595,164.8658,23.81,48,5,4.85,NC,1692497621
167,alice springs,-23.7,133.8833,18.75,34,0,4.63,AU,1692497370
168,sisimiut,66.9395,-53.6735,9.67,83,100,18.13,GL,1692497621
169,namibe,-15.1961,12.1522,15.4,84,0,1.65,AO,1692497622
170,mount isa,-20.7333,139.5,22.87,23,0,5.14,AU,1692497622
171,kwangyang,34.9753,127.5892,31.31,63,0,2.05,KR,1692497622
172,coeur d'alene,47.6777,-116.7805,25.49,25,100,3.09,US,1692497623
173,lautoka,-17.6167,177.4667,28.92,70,20,5.66,FJ,1692497623
174,pacific grove,36.6177,-121.9166,21.68,85,75,4.12,US,1692497623
175,awash,8.9833,40.1667,24.92,47,85,4.0,ET,1692497623
176,paracale,14.2804,122.7881,31.85,60,20,0.58,PH,1692497624
177,murakami,38.2333,139.4833,31.94,58,5,3.18,JP,1692497624
178,beyla,8.6833,-8.6333,19.54,98,82,1.58,GN,1692497624
179,ioannina,39.6675,20.8508,21.62,69,0,1.03,GR,1692497625
180,konarka,19.9,86.1167,28.22,79,23,8.16,IN,1692497625
181,peace river,56.2501,-117.286,19.17,59,20,3.09,CA,1692497621
182,georgetown,5.4112,100.3354,29.41,83,20,1.03,MY,1692497406
183,jamestown,42.097,-79.2353,16.51,85,0,1.54,US,1692497456
184,bandarbeyla,9.4942,50.8122,25.2,73,82,9.28,SO,1692497626
185,bredasdorp,-34.5322,20.0403,8.36,93,2,2.1,ZA,1692497626
186,richards bay,-28.783,32.0377,18.51,80,87,3.27,ZA,1692497626
187,enewetak,11.3474,162.3373,28.36,79,44,5.6,MH,1692497626
188,sur,22.5667,59.5289,27.27,74,58,3.44,OM,1692497627
189,hangu,39.2489,117.7892,29.02,64,72,4.42,CN,1692497627
190,harnoli,32.2792,71.5539,33.91,47,0,4.67,PK,1692497627
191,plock,52.5468,19.7064,22.98,65,93,0.62,PL,1692497627
192,liuhe,42.2401,125.7172,27.12,71,100,0.93,CN,1692497628
193,qaqortoq,60.7167,-46.0333,7.33,78,96,1.26,GL,1692497628
194,marsh harbour,26.5412,-77.0636,29.21,79,100,7.7,BS,1692497628
195,vilyuchinsk,52.9306,158.4028,24.15,70,64,1.53,RU,1692497551
196,ulsteinvik,62.3432,5.8487,19.06,86,100,3.13,NO,1692497629
197,humberto de campos,-2.5983,-43.4611,25.47,84,0,3.36,BR,1692497451
198,ust-nera,64.5667,143.2,10.73,79,100,4.01,RU,1692497629
199,aoulef,26.9667,1.0833,33.11,15,1,5.05,DZ,1692497630
200,chester,40.1254,-75.8749,19.45,84,0,0.45,US,1692497630
201,colonia,50.9333,6.95,21.09,88,0,2.06,DE,1692497630
202,artigas,-30.4,-56.4667,10.45,66,85,1.55,UY,1692497630
203,ustyuzhna,58.8394,36.4321,13.41,97,100,3.19,RU,1692497631
204,la passe,45.5549,-0.8967,22.13,67,52,4.25,FR,1692497631
205,illapel,-31.6308,-71.1653,14.13,68,99,1.64,CL,1692497035
206,bonnyville,54.2668,-110.735,13.62,70,80,3.09,CA,1692497631
207,weno,7.4515,151.8468,29.97,79,75,2.57,FM,1692497632
208,pacasmayo,-7.4006,-79.5714,20.21,82,73,4.8,PE,1692497632
209,fisterra,42.9049,-9.2629,16.53,85,2,3.14,ES,1692497632
210,san jose del guaviare,2.5729,-72.6459,23.45,97,100,0.62,CO,1692497632
211,uturoa,-16.7333,-151.4333,25.66,75,20,4.01,PF,1692497632
212,tual,-5.6667,132.75,25.33,76,44,10.6,ID,1692497633
213,el bauga,18.262,33.9081,34.94,29,31,2.72,SD,1692497633
214,pimentel,-6.8367,-79.9342,21.16,88,0,5.66,PE,1692497633
215,tsiombe,-25.3,45.4833,18.28,85,99,0.45,MG,1692497633
216,sitka,57.0531,-135.33,14.94,63,100,2.57,US,1692497634
217,tommot,58.9564,126.2925,18.49,60,92,4.22,RU,1692497634
218,vorgashor,67.5833,63.95,5.49,89,59,3.26,RU,1692497634
219,the pas,53.8251,-101.2541,15.01,67,75,4.12,CA,1692497634
220,puerto ayacucho,5.6639,-67.6236,25.41,90,100,1.71,VE,1692497635
221,east london,-33.0153,27.9116,14.78,72,0,2.09,ZA,1692497635
222,muroto-misakicho,33.2833,134.15,28.68,80,9,3.73,JP,1692497635
223,voi,-3.3945,38.563,19.03,85,99,3.73,KE,1692497635
224,shimoda,34.6667,138.95,31.72,67,14,3.61,JP,1692497636
225,mersa matruh,31.3525,27.2453,24.9,83,2,4.29,EG,1692497636
226,nadym,65.5333,72.5167,8.14,84,100,6.97,RU,1692497636
227,fort mcmurray,56.7268,-111.381,16.77,67,20,3.6,CA,1692497636
228,aioun,16.6614,-9.6149,31.49,48,90,2.62,MR,1692497637
229,tangalle,6.024,80.7911,24.09,80,33,4.98,LK,1692497637
230,hasaki,35.7333,140.8333,36.27,73,6,3.6,JP,1692497637
231,aykhal,66.0,111.5,12.25,44,86,8.01,RU,1692497638
232,fort bragg,35.139,-79.006,26.62,75,0,1.54,US,1692497638
233,talnakh,69.4865,88.3972,15.67,77,100,2.09,RU,1692497638
234,zhanibek,49.4167,46.85,24.22,34,3,3.63,KZ,1692497639
235,morada nova,-5.1067,-38.3725,23.21,91,7,2.83,BR,1692497639
236,fortaleza,-3.7227,-38.5247,26.07,83,40,5.14,BR,1692497639
237,bardai,11.65,7.2333,21.83,90,100,3.35,NG,1692497639
238,knyaze-volkonskoye,48.4642,135.4567,26.19,45,100,3.15,RU,1692497639
239,nova sintra,14.8667,-24.7167,23.72,78,100,4.63,CV,1692497640
240,nizhnesortymskiy,62.4397,71.7603,9.88,64,100,7.38,RU,1692497640
241,aurora,39.7294,-104.8319,27.34,69,75,5.66,US,1692496933
242,bhabhra,22.5333,74.3333,22.84,96,100,3.65,IN,1692497641
243,chulakkurgan,43.765,69.1814,23.62,27,0,0.66,KZ,1692497641
244,santana,-0.0583,-51.1817,28.1,78,20,3.09,BR,1692497642
245,el granada,37.5027,-122.4694,26.06,79,100,8.75,US,1692497642
246,ostersund,63.1792,14.6357,12.01,100,100,4.12,SE,1692497643
247,urumqi,43.801,87.6005,23.53,33,0,2.0,CN,1692497643
248,coffs harbour,-30.3,153.1333,20.63,42,0,5.66,AU,1692497624
249,lunino,53.5918,45.2271,16.89,84,51,1.39,RU,1692497644
250,onega,63.9061,38.1404,8.89,95,51,2.29,RU,1692497644
251,zinapecuaro,19.8667,-100.8167,15.51,96,100,1.48,MX,1692497645
252,vanimo,-2.6741,141.3028,29.26,67,100,1.45,PG,1692497645
253,cidreira,-30.1811,-50.2056,12.67,66,72,2.37,BR,1692497646
254,chom thong,18.4174,98.6743,30.61,75,100,1.08,TH,1692497646
255,pundong,-7.9522,110.3486,27.01,65,6,3.84,ID,1692497647
256,walvis bay,-22.9575,14.5053,9.49,79,93,3.84,NA,1692497647
257,carnarvon,-24.8667,113.6333,21.67,34,0,4.26,AU,1692497366
258,margate,51.3813,1.3862,15.39,88,0,0.45,GB,1692497483
259,piti village,13.4626,144.6933,31.49,75,20,2.57,GU,1692497648
260,ascoli satriano,41.2061,15.5615,20.69,60,0,2.42,IT,1692497649
261,uacu cungo,-11.3634,15.1208,17.43,35,25,1.13,AO,1692497486
262,wanning,18.8003,110.3967,30.8,68,83,3.44,CN,1692497650
263,lata,40.1629,-8.3327,22.18,97,80,1.33,PT,1692497650
264,puerto baquerizo moreno,-0.9,-89.6,23.55,72,8,4.18,EC,1692497651
265,port mathurin,-19.6833,63.4167,22.91,76,6,6.69,MU,1692497652
266,novokayakent,42.3937,47.9861,25.24,55,8,2.45,RU,1692497652
267,santo antonio do ica,-3.1022,-67.9397,25.44,87,93,0.64,BR,1692497653
268,rakops,-21.0167,24.3333,18.29,27,51,2.81,BW,1692497653
269,invercargill,-46.4,168.35,13.9,59,64,4.47,NZ,1692497362
270,corralillo,22.9819,-80.5856,27.11,83,97,6.18,CU,1692497654
271,inhambane,-23.865,35.3833,19.67,86,20,3.99,MZ,1692497654
272,liberal,37.0431,-100.921,28.08,32,0,5.14,US,1692497655
273,kiruna,67.8557,20.2251,6.51,93,100,2.06,SE,1692497655
274,libreville,0.3925,9.4537,24.04,83,100,3.29,GA,1692497655
275,sitrah,26.1547,50.6206,35.04,63,0,1.03,BH,1692497656
276,behshahr,36.6923,53.5526,24.74,82,98,1.69,IR,1692497656
277,gaspe,48.8334,-64.4819,17.95,100,75,0.0,CA,1692497656
278,selfoss,63.9331,-20.9971,10.47,78,85,4.45,IS,1692497657
279,dzilam gonzalez,21.2833,-88.9333,26.52,86,78,2.23,MX,1692497657
280,chandur,19.7333,79.1833,22.53,93,100,4.08,IN,1692497657
281,utrik,11.2278,169.8474,28.79,74,58,5.19,MH,1692497658
282,nagqu,31.5,92.0,9.18,80,94,2.76,CN,1692497658
283,kasson,44.03,-92.7507,28.0,85,0,0.0,US,1692497659
284,palikir - national government center,6.9248,158.1611,31.47,94,100,4.12,FM,1692497660
285,abepura,-2.6333,140.5833,28.45,70,20,1.54,ID,1692497660
286,fraserburgh,57.6874,-2.0184,13.95,91,28,4.58,GB,1692497661
287,kiiminki,65.1314,25.7974,9.31,100,95,0.95,FI,1692497661
288,navrongo,10.8956,-1.0921,24.63,83,0,2.45,GH,1692497662
289,itamaraca,-7.7478,-34.8256,23.03,88,22,1.93,BR,1692497662
290,caleta olivia,-46.4393,-67.5281,5.99,63,99,2.66,AR,1692497662
291,salalah,17.0151,54.0924,25.05,100,75,2.06,OM,1692497662
292,fale old settlement,-9.3852,-171.2468,28.66,73,82,8.14,TK,1692497663
293,dudinka,69.4058,86.1778,15.9,77,99,5.31,RU,1692497663
294,zorritos,-3.6805,-80.6782,26.16,75,8,4.01,PE,1692497663
295,posto fiscal rolim de moura,-13.0833,-62.2667,27.78,40,95,1.23,BR,1692497664
296,mweka,-4.85,21.5667,20.63,90,100,0.89,CD,1692497664
297,codrington,-38.2667,141.9667,13.65,75,100,4.79,AU,1692497665
298,sorong,-0.8833,131.25,27.87,71,100,3.83,ID,1692497665
299,beoumi,7.6736,-5.5764,22.03,97,84,1.93,CI,1692497666
300,northam,51.0333,-4.2167,17.94,95,1,4.26,GB,1692497666
301,aleg,17.0481,-13.9209,32.76,50,92,4.26,MR,1692497666
302,burutu,5.3509,5.5076,24.3,91,97,1.36,NG,1692497667
303,malango,-2.9627,119.9001,26.21,61,35,1.76,ID,1692497667
304,chibougamau,49.9168,-74.3659,15.79,100,100,2.06,CA,1692497667
305,kousseri,12.0769,15.0306,25.25,74,100,2.66,CM,1692497667
306,rio grande,-32.035,-52.0986,11.08,67,100,4.16,BR,1692497668
307,marica,-22.9194,-42.8186,22.97,91,38,2.42,BR,1692497668
308,harpalpur,25.2884,79.3347,28.16,84,57,4.11,IN,1692497668
309,quepos,9.4236,-84.1652,24.48,92,100,2.15,CR,1692497668
310,champerico,14.3,-91.9167,28.29,76,52,2.49,GT,1692497669
311,inari,68.906,27.0288,3.11,91,11,0.97,FI,1692497669
312,port alfred,-33.5906,26.891,14.1,79,0,3.15,ZA,1692497669
313,serenje,-13.2325,30.2352,14.25,53,0,2.94,ZM,1692497669
314,usogorsk,63.4106,48.6872,9.44,92,100,1.55,RU,1692497670
315,tofol,5.3248,163.0078,27.88,83,75,1.54,FM,1692497670
316,kismayo,-0.3582,42.5454,24.39,84,92,7.11,SO,1692497670
317,as sulayyil,20.4607,45.5779,32.14,18,85,2.46,SA,1692497671
318,isangel,-19.55,169.2667,25.06,78,40,3.09,VU,1692497671
319,krasnyy yar,46.5331,48.3456,25.96,30,5,3.71,RU,1692497671
320,polyarnyy,69.1989,33.4478,8.08,84,100,8.14,RU,1692497671
321,talara,-4.5772,-81.2719,23.42,78,0,7.32,PE,1692497672
322,quellon,-43.1167,-73.6167,9.14,93,100,2.57,CL,1692497672
323,kollam,8.8833,76.6,25.46,84,7,3.25,IN,1692497672
324,hunkuyi,11.2668,7.6512,21.09,92,100,2.63,NG,1692497672
325,al kharj,24.155,47.3346,33.32,22,66,1.73,SA,1692497673
326,cockburn town,21.4612,-71.1419,28.18,85,8,9.43,TC,1692497673
327,dinahican,14.7167,121.7167,29.53,67,46,1.56,PH,1692497673
328,les cayes,18.2,-73.75,27.51,82,100,1.24,HT,1692497673
329,bagan,54.1001,77.6646,18.0,87,55,5.12,RU,1692497674
330,dashiqiao,40.6373,122.5025,28.56,72,100,1.18,CN,1692497674
331,san antonio de pale,-1.4014,5.6325,22.75,83,100,4.94,GQ,1692497674
332,saint-philippe,-21.3585,55.7679,19.77,73,5,1.06,RE,1692497674
333,sihanoukville,10.6093,103.5296,27.97,78,40,2.57,KH,1692497675
334,road town,18.4167,-64.6167,29.05,82,6,9.53,VG,1692497579
335,mar del plata,-38.0023,-57.5575,8.4,87,100,11.62,AR,1692497584
336,jaltenango de la paz,15.9167,-92.7167,18.49,75,9,0.71,MX,1692497676
337,prince rupert,54.3161,-130.3201,15.83,88,0,7.72,CA,1692497676
338,la ciotat,43.1748,5.6045,28.23,55,0,2.73,FR,1692497676
339,badiyah,22.45,58.8,24.93,79,93,2.56,OM,1692497676
340,pestovo,58.5938,35.8024,14.69,94,100,2.08,RU,1692497677
341,newnham,-41.3833,147.1333,15.53,63,74,6.69,AU,1692497677
342,trinidad,-14.8333,-64.9,26.66,46,1,1.56,BO,1692497677
343,muynoq,43.7683,59.0214,25.62,51,80,4.58,UZ,1692497678
344,neftcala,39.3742,49.2472,25.19,70,93,2.91,AZ,1692497678
345,kurtalan,37.9272,41.7028,26.7,18,0,1.48,TR,1692497678
346,kittila,67.6647,24.8936,2.08,93,2,0.51,FI,1692497679
347,gubkin,51.2817,37.5458,20.81,59,0,1.03,RU,1692497679
348,kemijarvi,66.7131,27.4306,5.97,86,3,0.56,FI,1692497679
349,dul'durga,50.6761,113.5931,18.24,40,5,6.81,RU,1692497680
350,jolo,6.05,121.0167,28.19,73,99,2.08,PH,1692497680
351,alta,69.9689,23.2717,7.59,81,100,2.57,NO,1692497681
352,sirte,31.2089,16.5887,25.88,72,0,1.53,LY,1692497681
353,akrehamn,59.2667,5.1833,17.22,94,100,4.63,NO,1692497682
354,dakhla,23.6848,-15.958,24.0,76,68,4.0,EH,1692497683
355,coron,11.9986,120.2043,29.61,69,49,1.7,PH,1692497683
356,puerto aysen,-45.4,-72.7,-0.78,97,82,0.84,CL,1692497683
357,maun,-19.9833,23.4167,15.81,28,8,2.54,BW,1692497683
358,puerto colombia,10.9878,-74.9547,29.05,80,92,8.78,CO,1692497551
359,castelo do piaui,-5.3222,-41.5525,25.44,53,19,3.51,BR,1692497684
360,funafuti,-8.5243,179.1942,30.0,84,75,5.14,TV,1692497684
361,trujillo,-8.116,-79.03,20.98,83,81,3.6,PE,1692497685
362,at taj,24.2049,23.2857,26.46,30,0,3.9,LY,1692497685
363,vladimirskaya,44.5455,40.7933,19.23,53,0,3.32,RU,1692497685
364,beira,-19.8436,34.8389,19.05,94,20,3.6,MZ,1692497685
365,thunder bay,48.4001,-89.3168,20.9,80,100,1.35,CA,1692497400
366,olavarria,-36.8927,-60.3225,4.76,56,100,5.87,AR,1692497686
367,ta`u,-14.2336,-169.5144,27.14,72,9,6.62,AS,1692497686
368,vadso,70.0744,29.7487,8.09,81,100,4.63,NO,1692497686
369,saposoa,-6.934,-76.7716,25.98,58,72,1.27,PE,1692497687
370,mokhsogollokh,61.4681,128.9203,14.64,92,100,2.72,RU,1692497687
371,inongo,-1.95,18.2667,20.72,91,82,2.76,CD,1692497687
372,al harithah,30.7186,47.7208,36.4,13,0,2.88,IQ,1692497687
373,quixada,-4.9714,-39.0153,22.3,93,4,2.29,BR,1692497688
374,kargasok,59.0556,80.8572,14.03,81,94,1.88,RU,1692497688
375,titao,13.7667,-2.0667,28.17,64,98,5.72,BF,1692497688
376,filadelfia,39.9523,-75.1638,21.94,66,0,2.57,US,1692497688
377,baidoa,3.1138,43.6498,20.84,83,87,4.54,SO,1692497689
378,ribeira brava,32.65,-17.0667,25.95,80,99,1.86,PT,1692497689
379,sandakan,5.8402,118.1179,29.82,74,20,1.54,MY,1692497690
380,city of balikpapan,-1.242,116.8942,28.97,79,40,4.12,ID,1692497690
381,roma,43.2128,-75.4557,17.71,84,0,1.54,US,1692497536
382,aral,40.5156,81.2636,29.73,18,51,3.05,CN,1692497690
383,nar'yan-mar,67.6713,53.087,5.86,93,100,7.42,RU,1692497690
384,remire-montjoly,4.9167,-52.2667,26.02,83,0,1.03,GF,1692497691
385,kristiansund,63.1115,7.732,20.36,56,100,1.54,NO,1692497691
386,fort st. john,56.2499,-120.8529,20.94,32,20,3.09,CA,1692497691
387,siracusa,37.0881,15.2792,23.77,64,0,1.84,IT,1692497691
388,port macquarie,-31.4333,152.9167,20.5,51,0,2.97,AU,1692497438
389,praia da vitoria,38.7333,-27.0667,20.98,88,0,1.76,PT,1692497692
390,puerto armuelles,8.2833,-82.8667,27.27,87,100,3.58,PA,1692497692
391,ilha solteira,-20.4328,-51.3425,20.21,84,99,2.13,BR,1692497692
392,vorkuta,67.5,64.0,5.69,89,64,3.43,RU,1692497693
393,huarmey,-10.0681,-78.1522,20.03,78,88,3.87,PE,1692497693
394,tarlungeni,45.6333,25.75,21.29,93,6,0.8,RO,1692497693
395,saint-pierre,-21.3393,55.4781,19.82,60,0,3.6,RE,1692497693
396,zunyi,27.6867,106.9072,26.11,76,100,1.48,CN,1692497689
397,vilhena,-12.7406,-60.1458,23.69,54,23,1.66,BR,1692497644
398,ad dilam,23.9915,47.1627,33.23,21,29,2.06,SA,1692497694
399,maitum,6.0392,124.4986,28.57,71,100,1.84,PH,1692497694
400,taikang,46.8333,124.4167,25.2,60,20,6.03,CN,1692497694
401,temiskaming shores,47.4938,-79.7153,18.64,70,50,4.29,CA,1692497428
402,launceston,-41.45,147.1667,15.8,63,72,6.69,AU,1692497695
403,kapa'a,22.0752,-159.319,30.99,70,40,7.72,US,1692497695
404,campanario,38.8644,-5.6174,24.69,36,79,0.86,ES,1692497696
405,bangui,4.3612,18.555,21.58,97,100,0.84,CF,1692497689
406,valdosta,30.8327,-83.2785,28.95,74,40,2.57,US,1692497187
407,paloncha,17.6,80.6833,24.37,92,89,2.53,IN,1692497696
408,port lincoln,-34.7333,135.8667,15.18,68,100,5.25,AU,1692497696
409,darwin,-12.4611,130.8418,31.05,21,0,7.72,AU,1692497697
410,nicoya,10.1483,-85.452,24.81,91,100,2.57,CR,1692497697
411,dryden,49.7833,-92.7503,21.16,73,75,1.54,CA,1692497698
412,gadzhiyevo,69.2551,33.3362,7.9,84,100,8.17,RU,1692497698
413,xilin hot,43.9667,116.0333,27.62,21,100,9.73,CN,1692497698
414,machico,32.7,-16.7667,25.95,80,20,3.6,PT,1692497699
415,harper,4.375,-7.7169,24.52,89,44,2.84,LR,1692497699
416,pekanbaru,0.5333,101.45,25.1,91,95,1.56,ID,1692497699
417,dawei,14.0833,98.2,27.75,81,100,1.57,MM,1692497700
418,loreto,22.2667,-101.9667,17.24,72,100,7.0,MX,1692497700
419,flying fish cove,-10.4217,105.6791,25.82,83,100,5.66,CX,1692497701
420,misratah,32.3754,15.0925,26.7,69,0,2.63,LY,1692497701
421,ambon,-3.6954,128.1814,26.16,78,51,9.55,ID,1692497702
422,nuku'alofa,-21.1333,-175.2,25.19,83,75,5.66,TO,1692497643
423,summerland,49.5998,-119.6691,23.38,24,100,3.09,CA,1692497703
424,mezokovesd,47.8167,20.5833,22.5,66,7,2.03,HU,1692497704
425,jawf al maqbabah,13.8378,45.8349,27.13,59,100,1.69,YE,1692497705
426,kasongo-lunda,-6.4667,16.8167,23.56,58,100,0.79,CD,1692497706
427,penzance,50.1186,-5.5371,16.38,94,5,4.9,GB,1692497706
428,petropavlovsk-kamchatsky,53.0452,158.6483,24.33,50,20,3.0,RU,1692497707
429,igarka,67.4667,86.5833,14.32,85,100,2.06,RU,1692497708
430,sinop,41.7711,34.8709,18.58,72,0,1.77,TR,1692497410
431,la ceiba,15.7597,-86.7822,25.9,83,40,4.63,HN,1692497709
432,tamanrasset,22.785,5.5228,27.95,24,40,7.72,DZ,1692497710
433,taltal,-25.4,-70.4833,20.97,42,23,0.92,CL,1692497156
434,ruteng,-8.6136,120.4721,22.9,52,12,0.59,ID,1692497711
435,necochea,-38.5473,-58.7368,8.17,79,94,11.94,AR,1692497711
436,kadipur,26.1667,82.3833,29.03,79,90,5.48,IN,1692497712
437,nalut,30.3333,10.85,28.03,21,0,4.13,LY,1692497712
438,arkalyk,50.2486,66.9114,24.24,34,3,1.04,KZ,1692497713
439,byron bay,-28.65,153.6167,20.39,47,0,2.52,AU,1692497568
440,joshua tree,34.1347,-116.3131,23.41,84,100,2.24,US,1692497713
441,portage la prairie,49.9728,-98.2926,16.61,56,25,7.87,CA,1692497714
442,san patricio,28.017,-97.5169,31.05,68,100,5.42,US,1692497714
443,songea,-10.6833,35.65,13.8,65,0,0.78,TZ,1692497715
444,ilgin,38.2792,31.9139,20.91,36,0,0.25,TR,1692497715
445,metapan,14.3333,-89.45,22.8,82,91,2.3,SV,1692497667
446,chorfa,36.3651,4.3264,24.09,43,35,1.17,DZ,1692497716
447,al bayda,32.7627,21.7551,19.77,95,53,2.51,LY,1692497716
448,ha'il,27.5219,41.6907,27.01,29,0,2.06,SA,1692497717
449,puerto deseado,-47.7503,-65.8938,5.05,87,99,3.67,AR,1692497717
450,minas de marcona,-15.2119,-75.1103,13.29,76,52,3.98,PE,1692497718
451,severo-yeniseyskiy,60.3725,93.0408,9.87,83,100,0.98,RU,1692497718
452,north battleford,52.7834,-108.2847,14.11,54,100,3.09,CA,1692497718
453,rongelap,11.1635,166.8941,28.91,76,82,5.71,MH,1692497719
454,lubang,13.8584,120.124,28.58,76,13,6.73,PH,1692497719
455,aitape,-3.1374,142.3475,27.25,73,100,1.21,PG,1692497720
456,castillos,-34.1667,-53.8333,10.3,61,100,6.96,UY,1692497720
457,taulaga,-11.0553,-171.0883,28.19,77,3,8.57,AS,1692497721
458,banff,51.1762,-115.5698,13.21,47,33,3.09,CA,1692497722
459,ancud,-41.8697,-73.8203,9.12,98,100,4.28,CL,1692497722
460,murashi,59.3999,48.9615,8.75,77,100,0.93,RU,1692497724
461,aromashevo,56.8602,68.6375,10.92,74,0,4.0,RU,1692497726
462,galle,6.0367,80.217,27.62,79,46,5.18,LK,1692497715
463,thomaston,32.8882,-84.3266,26.17,71,0,2.06,US,1692497727
464,birjand,32.8663,59.2211,16.26,21,0,2.06,IR,1692497728
465,kirensk,57.7853,108.1119,12.04,97,100,3.17,RU,1692497728
466,leh,34.1667,77.5833,17.19,47,2,2.18,IN,1692497729
467,vrsac,45.1167,21.3036,19.39,100,0,0.0,RS,1692497729
468,yanam,16.7333,82.2167,27.51,75,51,3.49,IN,1692497730
469,new norfolk,-42.7826,147.0587,15.72,61,98,2.68,AU,1692497730
470,boende,-0.2167,20.8667,21.88,96,42,0.72,CD,1692497731
471,awjilah,29.1081,21.2869,24.4,76,0,3.99,LY,1692497731
472,bodo,67.28,14.405,14.87,79,0,7.2,NO,1692497732
473,klodzko,50.4349,16.6614,20.33,77,14,1.75,PL,1692497732
474,gembu,6.7,11.2667,15.62,97,100,0.93,NG,1692497733
475,jaru,-10.4389,-62.4664,27.67,51,16,0.55,BR,1692497733
476,mount pearl,47.5166,-52.7813,15.47,97,100,9.26,CA,1692497733
477,kingston,17.997,-76.7936,30.53,87,20,5.14,JM,1692497720
478,le lavandou,43.137,6.366,28.2,64,0,1.54,FR,1692497734
479,pavlovka,52.6897,47.1405,16.47,74,8,2.87,RU,1692497735
480,al 'aziziyah,32.9058,45.0616,35.92,12,0,2.99,IQ,1692497735
481,vallenar,-28.5708,-70.7581,22.55,20,100,3.0,CL,1692497735
482,griffith,41.5284,-87.4237,25.03,78,0,3.09,US,1692497736
483,bonthe,7.5264,-12.505,24.36,88,87,2.27,SL,1692497736
484,ashgabat,37.95,58.3833,27.92,32,75,6.17,TM,1692497736
485,changping,40.2186,116.2197,29.8,75,58,1.43,CN,1692497736
486,ariquemes,-9.9133,-63.0408,26.56,52,19,0.2,BR,1692497737
487,birao,10.2849,22.7882,19.92,95,50,1.72,CF,1692497737
488,la ronge,55.1001,-105.2842,15.14,63,75,2.57,CA,1692497738
489,manokwari,-0.8667,134.0833,25.71,85,100,2.36,ID,1692497738
490,buta,2.7858,24.73,20.75,100,81,0.85,CD,1692497738
491,slave lake,55.2834,-114.769,15.99,63,0,1.54,CA,1692497739
492,san luis de la loma,17.2706,-100.8939,26.72,88,100,3.4,MX,1692497740
493,todos santos,23.45,-110.2167,26.28,88,100,12.19,MX,1692497740
494,burela de cabo,43.65,-7.4,18.81,91,100,0.71,ES,1692497740
495,bosa,40.2993,8.4983,21.05,70,3,0.98,IT,1692497741
496,dordrecht,51.81,4.6736,18.94,82,0,0.89,NL,1692497504
497,yarkovo,57.4028,67.0786,10.78,71,7,2.6,RU,1692497741
498,madisonville,37.3281,-87.4989,21.64,89,17,3.22,US,1692497741
499,ugoofaaru,5.6667,73.0,27.97,73,2,5.44,MV,1692497742
500,upata,8.0086,-62.3989,24.55,97,100,1.74,VE,1692497742
501,chul'man,56.8479,124.9104,11.88,88,97,2.52,RU,1692497742
502,ardakan,32.31,54.0175,26.08,14,2,2.07,IR,1692497743
503,grand gaube,-20.0064,57.6608,20.77,78,5,0.89,MU,1692497743
504,pangody,65.85,74.4859,7.26,88,100,8.27,RU,1692497743
505,kangding,30.0513,101.9603,17.24,98,100,0.9,CN,1692497744
506,amahai,-3.3333,128.9167,25.49,81,100,6.5,ID,1692497485
507,tobelo,1.7284,128.0095,29.32,64,98,2.43,ID,1692497744
508,mejit,10.2753,170.8646,28.74,73,15,6.33,MH,1692497745
509,acapulco de juarez,16.8634,-99.8901,28.9,84,75,2.06,MX,1692497631
510,hotan,37.0997,79.9269,27.4,19,14,2.15,CN,1692497745
511,visakhapatnam,17.69,83.2093,26.94,89,75,3.6,IN,1692497641
512,kavieng,-2.5744,150.7967,28.55,74,89,6.3,PG,1692497745
513,baoro,5.6667,15.9667,19.68,97,100,0.63,CF,1692497746
514,bakhmach,51.1808,32.7569,19.76,66,0,1.52,UA,1692497746
515,hovd,48.0056,91.6419,15.98,39,0,1.54,MN,1692497746
516,kavaratti,10.5669,72.642,27.82,76,28,5.88,IN,1692497747
517,sansanne-mango,10.3592,0.4708,23.66,91,34,2.09,TG,1692497747
518,broken hill,-31.95,141.4333,17.11,59,0,1.35,AU,1692497526
519,bechar,31.6167,-2.2167,31.18,23,20,2.06,DZ,1692497747
520,colchani,-20.3,-66.9333,2.83,29,1,3.2,BO,1692497748
521,tralee,52.2704,-9.7026,12.59,96,78,2.68,IE,1692497748
522,khash,28.2211,61.2158,22.82,13,1,0.86,IR,1692497748
523,axim,4.8699,-2.2405,23.76,89,100,1.1,GH,1692497748
524,puente alto,-33.6167,-70.5833,12.36,90,100,1.65,CL,1692497749
525,veraval,20.9,70.3667,26.33,83,100,6.29,IN,1692497749
526,dzuunharaa,48.8523,106.4579,15.53,73,93,1.53,MN,1692497750
527,yushu,44.8,126.5333,24.23,77,0,2.12,CN,1692497750
528,flin flon,54.7682,-101.865,14.01,55,100,2.73,CA,1692497718
529,kharp,66.8014,65.8081,8.27,75,65,1.42,RU,1692497751
530,daru,-9.0763,143.2092,25.81,62,99,7.26,PG,1692497751
531,kidal,18.4411,1.4078,33.3,31,57,4.09,ML,1692497752
532,terenozek,45.05,64.9833,26.37,22,40,2.6,KZ,1692497752
533,fauske,67.2588,15.3918,14.87,75,5,3.89,NO,1692497752
534,mwene-ditu,-7.0,23.45,21.99,39,50,1.94,CD,1692497753
535,saldanha,-33.0117,17.9442,11.29,93,0,3.68,ZA,1692497753
536,port-cartier,50.0334,-66.8654,16.12,99,83,0.28,CA,1692497753
537,baglung,28.2719,83.5898,23.44,96,93,1.1,NP,1692497754
538,westport,41.1415,-73.3579,22.9,71,0,1.54,US,1692497754
539,kayangel,8.0823,134.7173,26.03,85,100,5.01,PW,1692497755
540,puerto leguizamo,-0.1934,-74.7819,26.71,76,96,0.48,CO,1692497755
541,mazatlan,23.2167,-106.4167,29.98,66,75,4.12,MX,1692497668
542,quezon,7.7303,125.0989,26.65,78,89,1.62,PH,1692497756
543,tregunc,47.85,-3.85,16.33,93,3,1.9,FR,1692497756
544,biloela,-24.4167,150.5,22.54,26,0,5.06,AU,1692497757
545,taoudenni,22.6783,-3.9836,32.52,29,15,1.13,ML,1692497757
546,cedeira,43.6797,-8.0209,18.54,85,7,0.3,ES,1692497757
547,deniliquin,-35.5333,144.9667,15.39,62,100,3.61,AU,1692497758
548,sinnar,13.5691,33.5672,27.36,68,100,3.44,SD,1692497758
549,pitimbu,-7.4706,-34.8086,23.33,85,33,2.17,BR,1692497758
550,nogliki,51.8333,143.1667,23.69,57,10,7.04,RU,1692497759
551,island harbour,50.724,-1.2758,17.48,96,0,3.96,GB,1692497759
552,claveria,18.6074,121.0832,30.48,67,11,1.3,PH,1692497759
553,malangali,-8.5667,34.85,14.53,64,5,3.55,TZ,1692497759
554,smara,26.7384,-11.6719,30.45,44,100,2.63,EH,1692497760
555,ocean shores,46.9737,-124.1563,22.43,79,0,3.13,US,1692497760
556,robinson,31.4677,-97.1147,35.85,33,0,3.09,US,1692497761
557,laguna,38.421,-121.4238,34.69,47,0,5.14,US,1692497761
558,cole harbour,44.6724,-63.4751,17.77,90,64,4.63,CA,1692497462
559,alesund,62.4723,6.1549,19.07,87,100,3.09,NO,1692497762
560,williston,48.147,-103.618,18.41,56,100,3.75,US,1692497761
561,rudbar,30.15,62.6,26.74,20,0,2.84,AF,1692497480
562,torata,-17.0769,-70.8433,14.28,33,0,0.8,PE,1692497763
563,richmond,37.5538,-77.4603,22.03,78,20,0.0,US,1692497346
564,vanino,49.0869,140.2543,27.76,35,41,3.44,RU,1692497764
565,kamina,-8.7386,24.9906,19.14,39,50,1.51,CD,1692497764
566,nongpoh,25.9,91.8833,25.76,94,100,0.53,IN,1692497765
567,akureyri,65.6835,-18.0878,8.96,87,0,0.0,IS,1692497765
568,crane,31.3974,-102.3501,31.87,20,0,4.8,US,1692497766
569,camarinas,43.1311,-9.1817,16.07,87,4,2.04,ES,1692497766
570,yambio,4.5721,28.3955,19.3,89,8,0.64,SS,1692497767
571,naze,28.3667,129.4833,28.51,85,100,4.8,JP,1692497767
572,santa terezinha,-29.9002,-50.0904,13.1,68,59,2.05,BR,1692497768
573,villa gesell,-37.2639,-56.973,7.81,65,11,12.58,AR,1692497768
574,onguday,50.75,86.15,14.82,72,18,0.57,RU,1692497768
575,nkowakowa,-23.8878,30.2871,14.99,84,38,1.2,ZA,1692497768
